{"pinky00_R": [1.0, 0.0, 0.0, 0.0], "pinky02_R": [1.0, 0.0, 0.0, 0.0], "ring02_L": [0.9990482330322266, -0.043619364500045776, -6.525472429075307e-08, 3.728835906713357e-08], "middle02_L": [0.9990482330322266, -0.04361940175294876, -8.949218255338565e-08, 6.339023173040914e-08], "lowerarm_twist_R": [1.0, 0.0, 0.0, 0.0], "index02_R": [1.0, 0.0, 0.0, 0.0], "pinky01_R": [0.996218740940094, -0.05688529461622238, -0.022592848166823387, -0.06166044995188713], "thumb02_L": [0.9426494240760803, -0.14858494699001312, 0.2987686097621918, -0.008489539846777916], "ring02_R": [0.9990482330322266, -0.043619364500045776, 6.525473139618043e-08, -3.728836261984725e-08], "ring03_R": [0.9983490705490112, 0.057282499969005585, -0.0041193049401044846, 0.0009536432335153222], "calf_R": [1.0, 0.0, 0.0, 0.0], "thigh_R": [0.9989181160926819, -0.043618716299533844, -0.0008183723548427224, 0.016114616766572], "middle00_L": [1.0, 0.0, 0.0, 0.0], "foot_R": [0.9978898167610168, 0.0625506043434143, -0.016058115288615227, -0.006793390028178692], "calf_twist_R": [1.0, 0.0, 0.0, 0.0], "pinky01_L": [0.9962186217308044, -0.056885283440351486, 0.022592846304178238, 0.061660438776016235], "thumb01_R": [0.999455451965332, 0.004666753578931093, 0.00834073405712843, -0.03157992660999298], "upperarm_L": [0.9503213763237, 0.1642497479915619, 0.20686601102352142, -0.16467653214931488], "thumb03_R": [0.997585654258728, 0.062136564403772354, 0.030292915180325508, -0.006654617842286825], "head": [1.0, 0.0, 0.0, 0.0], "index00_R": [1.0, 0.0, 0.0, 0.0], "foot_L": [0.9978898167610168, 0.0625506341457367, 0.016058068722486496, 0.0067933970130980015], "ring01_L": [0.9987058043479919, -0.04360445588827133, 0.0011418248759582639, 0.026152096688747406], "pinky00_L": [1.0, 0.0, 0.0, 0.0], "pinky03_L": [1.0, 0.0, 0.0, -0.0], "lowerarm_twist_L": [1.0, 0.0, 0.0, 0.0], "neck": [0.999464750289917, 0.032715678215026855, 1.3321846736857879e-08, 7.51757323058655e-09], "index03_L": [1.0, 0.0, 0.0, -0.0], "clavicle_R": [0.9914897680282593, -0.11179474741220474, 0.004174941219389439, -0.06658013164997101], "lowerarm_R": [0.976296067237854, 0.1516800820827484, 0.15143075585365295, -0.03013169951736927], "index00_L": [1.0, 0.0, 0.0, 0.0], "index03_R": [1.0, 0.0, 0.0, 0.0], "middle00_R": [1.0, 0.0, 0.0, 0.0], "root": [1.0, 0.0, 0.0, 0.0], "middle01_L": [0.9990482330322266, -0.04361938685178757, -8.017008212846122e-08, 4.101720918470164e-08], "calf_L": [1.0, 0.0, 0.0, 0.0], "thigh_twist_R": [1.0, 0.0, 0.0, 0.0], "upperarm_R": [0.9503512978553772, 0.16623778641223907, -0.2061808705329895, 0.16336269676685333], "pelvis": [1.0, -4.008444170664448e-14, -1.4671286407974549e-09, 3.756990274439431e-10], "ring03_L": [0.9983490109443665, 0.057282499969005585, 0.0041193049401044846, -0.0009536432335153222], "index02_L": [1.0, 0.0, 0.0, -0.0], "upperarm_twist_R": [1.0, 0.0, 0.0, 0.0], "hand_L": [0.9876964688301086, 0.03866695985198021, 0.15133576095104218, 0.007604795973747969], "clavicle_L": [0.9892327785491943, -0.12810291349887848, -0.008705006912350655, 0.07023034989833832], "hand_R": [0.9876967072486877, 0.038666967302560806, -0.15133579075336456, -0.007604795042425394], "toes_L": [1.0, 0.0, 0.0, 0.0], "breast_R": [1.0, 0.0, 0.0, 0.0], "spine03": [0.999975323677063, -0.007013669237494469, 1.5975086808950323e-09, -1.383748338135149e-09], "index01_R": [0.9866657257080078, -0.15763050317764282, 0.01700500398874283, 0.036801692098379135], "thumb01_L": [0.999455451965332, 0.004666753113269806, -0.008340733125805855, 0.03157992288470268], "breast_L": [1.0, 0.0, 0.0, 0.0], "ring00_R": [1.0, 0.0, 0.0, 0.0], "calf_twist_L": [1.0, 0.0, 0.0, 0.0], "upperarm_twist_L": [1.0, 0.0, 0.0, 0.0], "spine01": [0.9919297695159912, -0.12679041922092438, -8.487859304295853e-09, -0.00015080405864864588], "lowerarm_L": [0.9762961268424988, 0.15185301005840302, -0.15143077075481415, 0.02924773469567299], "spine02": [0.9937230944633484, 0.11186767369508743, 3.4360809308964235e-08, -5.880055997664613e-09], "middle03_R": [0.998639702796936, 0.051753588020801544, -0.0046529690735042095, -0.004324058070778847], "thigh_L": [0.9989181160926819, -0.04361874237656593, 0.0008183610625565052, -0.016114739701151848], "middle03_L": [0.998639702796936, 0.051753588020801544, 0.0046529690735042095, 0.004324057605117559], "ring00_L": [1.0, 0.0, 0.0, 0.0], "thumb03_L": [0.997585654258728, 0.062136560678482056, -0.030292915180325508, 0.006654617376625538], "pinky03_R": [1.0, 0.0, 0.0, 0.0], "thigh_twist_L": [1.0, 0.0, 0.0, 0.0], "pinky02_L": [1.0, 0.0, 0.0, -0.0], "middle01_R": [0.9990482330322266, -0.04361938685178757, 8.017008212846122e-08, -4.101720918470164e-08], "toes_R": [1.0, 0.0, 0.0, 0.0], "middle02_R": [0.9990482330322266, -0.04361940175294876, 8.949218255338565e-08, -6.339023173040914e-08], "thumb02_R": [0.9426493644714355, -0.14858491718769073, -0.2987685799598694, 0.008489541709423065], "index01_L": [0.986665666103363, -0.1576305329799652, -0.017005005851387978, -0.036801695823669434], "ring01_R": [0.9987059235572815, -0.04360445961356163, -0.0011418249923735857, -0.026152094826102257]}