{"spine02": [0.9985166788101196, 0.05444689095020294, 2.4676848624949344e-05, -0.00010971692972816527], "thigh_R": [0.9999677538871765, 0.002773701911792159, 0.0008747887331992388, 0.007542917504906654], "upperarm_twist_R": [1.0, 0.0, 0.0, -0.0], "pinky00_L": [1.0, 0.0, 0.0, 0.0], "head": [0.9979332089424133, 0.06426094472408295, 7.925504178274423e-05, 0.00010987172572640702], "calf_twist_R": [1.0, 0.0, 0.0, 0.0], "lowerarm_twist_L": [1.0, 0.0, -0.0, 0.0], "thumb01_L": [0.999455451965332, 0.004666753113269806, -0.008340733125805855, 0.03157992288470268], "index03_R": [1.0, 0.0, 0.0, 0.0], "pinky01_L": [0.9962186217308044, -0.056885283440351486, 0.022592846304178238, 0.061660438776016235], "ring03_L": [0.9983490109443665, 0.057282499969005585, 0.0041193049401044846, -0.0009536432335153222], "clavicle_L": [0.9993308186531067, -0.008386261761188507, 0.014738521538674831, 0.03240811452269554], "ring02_R": [0.9990482330322266, -0.043619364500045776, 6.525471718532572e-08, -3.728835551441989e-08], "thigh_twist_L": [1.0, 0.0, 0.0, 0.0], "lowerarm_R": [0.9761343002319336, 0.2134702056646347, -0.005428902339190245, -0.0395364835858345], "lowerarm_L": [0.9761340618133545, 0.21347014605998993, 0.005428902339190245, 0.039536479860544205], "pinky01_R": [0.9962186217308044, -0.05688529461622238, -0.022592850029468536, -0.06166044995188713], "foot_R": [0.9982047080993652, 0.05722707137465477, -0.016168544068932533, -0.007210452109575272], "index02_R": [1.0, 0.0, -0.0, 0.0], "pelvis": [0.9999799132347107, -0.006313716992735863, -0.0010238331742584705, 0.00013513573503587395], "ring03_R": [0.9983490705490112, 0.057282499969005585, -0.0041193049401044846, 0.0009536432335153222], "neck": [0.9989849925041199, 0.04504682123661041, 2.178667091357056e-05, 1.425120444764616e-05], "pinky03_L": [1.0, 0.0, 0.0, -0.0], "pinky00_R": [1.0, 0.0, 0.0, -0.0], "index00_L": [1.0, 0.0, 0.0, 0.0], "upperarm_L": [0.9820447564125061, -0.046771127730607986, 0.0036816075444221497, -0.18272137641906738], "middle03_R": [0.998639702796936, 0.051753588020801544, -0.0046529690735042095, -0.004324058070778847], "hand_R": [0.9840880632400513, 0.03984127938747406, -0.169566348195076, 0.035081811249256134], "middle01_L": [0.9990482330322266, -0.04361938685178757, -8.017008212846122e-08, 4.101720918470164e-08], "index01_L": [0.986665666103363, -0.1576305329799652, -0.017005005851387978, -0.036801695823669434], "ring00_L": [1.0, 0.0, 0.0, 0.0], "foot_L": [0.9982003569602966, 0.057233404368162155, 0.016557011753320694, 0.00688004307448864], "index03_L": [1.0, 0.0, 0.0, -0.0], "ring00_R": [1.0, 0.0, 0.0, -0.0], "spine01": [1.000000238418579, -0.00042407590080983937, -4.467188773560338e-05, -0.00018364543211646378], "ring01_R": [0.9987058043479919, -0.04360445588827133, -0.0011418248759582639, -0.026152102276682854], "upperarm_twist_L": [1.0, 0.0, -0.0, 0.0], "middle00_L": [1.0, 0.0, 0.0, 0.0], "calf_twist_L": [1.0, 0.0, 0.0, 0.0], "hand_L": [0.9840880632400513, 0.03984127566218376, 0.1695663332939148, -0.035081807523965836], "middle02_R": [0.9990482330322266, -0.04361940175294876, 8.949218255338565e-08, -6.339023173040914e-08], "clavicle_R": [0.9993308782577515, -0.008386263623833656, -0.01473852526396513, -0.03240811824798584], "thigh_twist_R": [1.0, 0.0, 0.0, 0.0], "root": [1.0, 0.0, 0.0, 0.0], "breast_R": [1.0, 0.0, 0.0, 0.0], "breast_L": [1.0, 0.0, 0.0, 0.0], "pinky03_R": [1.0, 0.0, -0.0, 0.0], "middle02_L": [0.9990482330322266, -0.04361940175294876, -8.949218255338565e-08, 6.339023173040914e-08], "lowerarm_twist_R": [1.0, 0.0, 0.0, -0.0], "toes_R": [1.0, 0.0, 0.0, 0.0], "pinky02_L": [1.0, 0.0, 0.0, -0.0], "ring02_L": [0.9990482330322266, -0.043619364500045776, -6.525472429075307e-08, 3.728835906713357e-08], "thumb03_L": [0.997585654258728, 0.062136560678482056, -0.030292915180325508, 0.006654617376625538], "index01_R": [0.986665666103363, -0.1576305329799652, 0.017005009576678276, 0.036801695823669434], "ring01_L": [0.9987058043479919, -0.04360445588827133, 0.0011418248759582639, 0.026152096688747406], "thumb02_R": [0.9426493644714355, -0.14858491718769073, -0.2987685799598694, 0.008489541709423065], "toes_L": [1.0, 0.0, 0.0, 0.0], "thigh_L": [0.9999680519104004, 0.002739530522376299, -0.00088931352365762, -0.007493423298001289], "thumb03_R": [0.997585654258728, 0.062136564403772354, 0.030292915180325508, -0.006654617842286825], "spine03": [0.9971144795417786, -0.07588853687047958, 0.0019264757866039872, -0.0005958139663562179], "middle01_R": [0.9990482330322266, -0.04361938685178757, 8.017008212846122e-08, -4.101720918470164e-08], "middle00_R": [1.0, 0.0, 0.0, -0.0], "thumb01_R": [0.999455451965332, 0.004666753578931093, 0.00834073405712843, -0.03157992660999298], "pinky02_R": [1.0, 0.0, -0.0, 0.0], "middle03_L": [0.998639702796936, 0.051753588020801544, 0.0046529690735042095, 0.004324057605117559], "index02_L": [1.0, 0.0, 0.0, -0.0], "thumb02_L": [0.9426494240760803, -0.14858494699001312, 0.2987686097621918, -0.008489539846777916], "index00_R": [1.0, 0.0, 0.0, -0.0], "calf_R": [0.9972835779190063, -0.07354465872049332, -0.004061810206621885, -0.0005383435636758804], "upperarm_R": [0.9820447564125061, -0.046771131455898285, -0.003681608010083437, 0.18272137641906738], "calf_L": [0.9972836375236511, -0.07354468107223511, 0.004061608575284481, 0.0005405765259638429]}